train_lang	num_train_files	test_lang	precision	recall	f1	accuracy	span_f1
german	97	en	0.0	0.0	0.0	0.8968253968253969	0.0
german	97	fr	0.0	0.0	0.0	0.888888888888889	0.0
german	97	de	0.0	0.0	0.0	0.9206349206349206	0.0
german	96	en	0.0	0.0	0.0	0.8968253968253969	0.0
german	96	fr	0.0	0.0	0.0	0.888888888888889	0.0
german	96	de	1.0	0.16666666666666666	0.2857142857142857	0.9285714285714286	0.2857142857142857
german	95	en	0.0	0.0	0.0	0.8968253968253969	0.0
german	95	fr	0.0	0.0	0.0	0.888888888888889	0.0
german	95	de	1.0	0.16666666666666666	0.2857142857142857	0.9285714285714286	0.2857142857142857
german	94	en	0.0	0.0	0.0	0.8968253968253969	0.0
german	94	fr	0.0	0.0	0.0	0.888888888888889	0.0
german	94	de	1.0	0.16666666666666666	0.2857142857142857	0.9285714285714286	0.2857142857142857
german	93	en	0.0	0.0	0.0	0.8968253968253969	0.0
german	93	fr	0.0	0.0	0.0	0.888888888888889	0.0
german	93	de	1.0	0.16666666666666666	0.2857142857142857	0.9285714285714286	0.2857142857142857
german	92	en	0.0	0.0	0.0	0.8968253968253969	0.0
german	92	fr	0.0	0.0	0.0	0.888888888888889	0.0
german	92	de	1.0	0.16666666666666666	0.2857142857142857	0.9285714285714286	0.2857142857142857
german	91	en	0.0	0.0	0.0	0.8968253968253969	0.0
german	91	fr	0.0	0.0	0.0	0.888888888888889	0.0
german	91	de	1.0	0.16666666666666666	0.2857142857142857	0.9285714285714286	0.2857142857142857
german	90	en	0.0	0.0	0.0	0.8968253968253969	0.0
german	90	fr	0.0	0.0	0.0	0.888888888888889	0.0
german	90	de	1.0	0.16666666666666666	0.2857142857142857	0.9285714285714286	0.2857142857142857
german	89	en	0.15	0.08571428571428572	0.10909090909090909	0.9015873015873016	0.10909090909090909
german	89	fr	0.16666666666666669	0.11111111111111112	0.13333333333333336	0.8968253968253969	0.13333333333333336
german	89	de	0.95	0.2333333333333333	0.3485714285714286	0.9317460317460318	0.3485714285714286
german	88	en	0.75	0.42857142857142855	0.5454545454545454	0.9206349206349206	0.5454545454545454
german	88	fr	0.8333333333333334	0.5555555555555556	0.6666666666666667	0.9285714285714286	0.6666666666666667
german	88	de	0.75	0.5	0.6	0.9444444444444444	0.6
german	87	en	0.75	0.42857142857142855	0.5454545454545454	0.9206349206349206	0.5454545454545454
german	87	fr	0.8333333333333334	0.5555555555555556	0.6666666666666667	0.9285714285714286	0.6666666666666667
german	87	de	0.75	0.5	0.6	0.9444444444444444	0.6
german	86	en	0.75	0.42857142857142855	0.5454545454545454	0.9206349206349206	0.5454545454545454
german	86	fr	0.8333333333333334	0.5555555555555556	0.6666666666666667	0.9285714285714286	0.6666666666666667
german	86	de	0.75	0.5	0.6	0.9444444444444444	0.6
german	85	en	0.75	0.42857142857142855	0.5454545454545454	0.9206349206349206	0.5454545454545454
german	85	fr	0.8333333333333334	0.5555555555555556	0.6666666666666667	0.9285714285714286	0.6666666666666667
german	85	de	0.75	0.5	0.6	0.9444444444444444	0.6
german	84	en	0.75	0.42857142857142855	0.5454545454545454	0.9206349206349206	0.5454545454545454
german	84	fr	0.8333333333333334	0.5555555555555556	0.6666666666666667	0.9285714285714286	0.6666666666666667
german	84	de	0.75	0.5	0.6	0.9444444444444444	0.6
german	83	en	0.75	0.42857142857142855	0.5454545454545454	0.9206349206349206	0.5454545454545454
german	83	fr	0.8333333333333334	0.5555555555555556	0.6666666666666667	0.9285714285714286	0.6666666666666667
german	83	de	0.75	0.5	0.6	0.9444444444444444	0.6
german	82	en	0.75	0.42857142857142855	0.5454545454545454	0.9206349206349206	0.5454545454545454
german	82	fr	0.8333333333333334	0.5555555555555556	0.6666666666666667	0.9285714285714286	0.6666666666666667
german	82	de	0.75	0.5	0.6	0.9444444444444444	0.6
german	81	en	0.6	0.34285714285714286	0.43636363636363634	0.9158730158730158	0.43636363636363634
german	81	fr	0.6666666666666667	0.4444444444444445	0.5333333333333334	0.9206349206349206	0.5333333333333334
german	81	de	0.6	0.4	0.48	0.9396825396825397	0.48
german	80	en	0.0	0.0	0.0	0.8968253968253969	0.0
german	80	fr	0.0	0.0	0.0	0.888888888888889	0.0
german	80	de	0.0	0.0	0.0	0.9206349206349206	0.0
german	79	en	0.0	0.0	0.0	0.8968253968253969	0.0
german	79	fr	0.0	0.0	0.0	0.888888888888889	0.0
german	79	de	0.0	0.0	0.0	0.9206349206349206	0.0
german	78	en	0.0	0.0	0.0	0.8968253968253969	0.0
german	78	fr	0.0	0.0	0.0	0.888888888888889	0.0
german	78	de	0.0	0.0	0.0	0.9206349206349206	0.0
german	77	en	0.0	0.0	0.0	0.8968253968253969	0.0
german	77	fr	0.0	0.0	0.0	0.888888888888889	0.0
german	77	de	0.0	0.0	0.0	0.9206349206349206	0.0
german	76	en	0.0	0.0	0.0	0.8968253968253969	0.0
german	76	fr	0.0	0.0	0.0	0.888888888888889	0.0
german	76	de	0.0	0.0	0.0	0.9206349206349206	0.0
german	75	en	0.0	0.0	0.0	0.8968253968253969	0.0
german	75	fr	0.0	0.0	0.0	0.888888888888889	0.0
german	75	de	0.0	0.0	0.0	0.9206349206349206	0.0
german	74	en	0.0	0.0	0.0	0.8968253968253969	0.0
german	74	fr	0.0	0.0	0.0	0.888888888888889	0.0
german	74	de	0.0	0.0	0.0	0.9206349206349206	0.0
german	73	en	0.0	0.0	0.0	0.8968253968253969	0.0
german	73	fr	0.0	0.0	0.0	0.888888888888889	0.0
german	73	de	0.0	0.0	0.0	0.9206349206349206	0.0
german	72	en	0.0	0.0	0.0	0.8968253968253969	0.0
german	72	fr	0.0	0.0	0.0	0.888888888888889	0.0
german	72	de	0.0	0.0	0.0	0.9206349206349206	0.0
german	71	en	0.0	0.0	0.0	0.8968253968253969	0.0
german	71	fr	0.0	0.0	0.0	0.888888888888889	0.0
german	71	de	0.0	0.0	0.0	0.9206349206349206	0.0
german	70	en	0.0	0.0	0.0	0.8968253968253969	0.0
german	70	fr	0.0	0.0	0.0	0.888888888888889	0.0
german	70	de	0.0	0.0	0.0	0.9206349206349206	0.0
german	69	en	0.0	0.0	0.0	0.8968253968253969	0.0
german	69	fr	0.0	0.0	0.0	0.888888888888889	0.0
german	69	de	0.0	0.0	0.0	0.9206349206349206	0.0
german	68	en	0.0	0.0	0.0	0.8968253968253969	0.0
german	68	fr	0.0	0.0	0.0	0.888888888888889	0.0
german	68	de	0.0	0.0	0.0	0.9206349206349206	0.0
german	67	en	0.0	0.0	0.0	0.8968253968253969	0.0
german	67	fr	0.0	0.0	0.0	0.888888888888889	0.0
german	67	de	0.0	0.0	0.0	0.9206349206349206	0.0
german	66	en	0.0	0.0	0.0	0.8968253968253969	0.0
german	66	fr	0.0	0.0	0.0	0.888888888888889	0.0
german	66	de	0.0	0.0	0.0	0.9206349206349206	0.0
german	65	en	0.0	0.0	0.0	0.8968253968253969	0.0
german	65	fr	0.0	0.0	0.0	0.888888888888889	0.0
german	65	de	0.0	0.0	0.0	0.9206349206349206	0.0
german	64	en	0.0	0.0	0.0	0.8968253968253969	0.0
german	64	fr	0.0	0.0	0.0	0.888888888888889	0.0
german	64	de	0.0	0.0	0.0	0.9206349206349206	0.0
german	63	en	0.0	0.0	0.0	0.8968253968253969	0.0
german	63	fr	0.0	0.0	0.0	0.888888888888889	0.0
german	63	de	0.0	0.0	0.0	0.9206349206349206	0.0
german	62	en	0.0	0.0	0.0	0.8968253968253969	0.0
german	62	fr	0.0	0.0	0.0	0.888888888888889	0.0
german	62	de	0.0	0.0	0.0	0.9206349206349206	0.0
german	61	en	0.0	0.0	0.0	0.8968253968253969	0.0
german	61	fr	0.0	0.0	0.0	0.888888888888889	0.0
german	61	de	0.0	0.0	0.0	0.9206349206349206	0.0
german	60	en	0.0	0.0	0.0	0.8968253968253969	0.0
german	60	fr	0.0	0.0	0.0	0.888888888888889	0.0
german	60	de	0.0	0.0	0.0	0.9206349206349206	0.0
german	59	en	0.0	0.0	0.0	0.8968253968253969	0.0
german	59	fr	0.0	0.0	0.0	0.888888888888889	0.0
german	59	de	0.0	0.0	0.0	0.9206349206349206	0.0
german	58	en	0.0	0.0	0.0	0.8968253968253969	0.0
german	58	fr	0.0	0.0	0.0	0.888888888888889	0.0
german	58	de	0.0	0.0	0.0	0.9206349206349206	0.0
german	57	en	0.0	0.0	0.0	0.8968253968253969	0.0
german	57	fr	0.0	0.0	0.0	0.888888888888889	0.0
german	57	de	0.13333333333333333	0.06666666666666667	0.08888888888888888	0.9238095238095237	0.08888888888888888
german	56	en	0.0	0.0	0.0	0.8968253968253969	0.0
german	56	fr	0.0	0.0	0.0	0.888888888888889	0.0
german	56	de	1.0	0.16666666666666666	0.2857142857142857	0.9285714285714286	0.2857142857142857
german	55	en	0.0	0.0	0.0	0.8968253968253969	0.0
german	55	fr	0.0	0.0	0.0	0.888888888888889	0.0
german	55	de	1.0	0.16666666666666666	0.2857142857142857	0.9285714285714286	0.2857142857142857
german	54	en	0.0	0.0	0.0	0.8968253968253969	0.0
german	54	fr	0.0	0.0	0.0	0.888888888888889	0.0
german	54	de	1.0	0.16666666666666666	0.2857142857142857	0.9285714285714286	0.2857142857142857
german	53	en	0.0	0.0	0.0	0.8968253968253969	0.0
german	53	fr	0.0	0.0	0.0	0.888888888888889	0.0
german	53	de	1.0	0.16666666666666666	0.2857142857142857	0.9285714285714286	0.2857142857142857
german	52	en	0.0	0.0	0.0	0.8968253968253969	0.0
german	52	fr	0.0	0.0	0.0	0.888888888888889	0.0
german	52	de	1.0	0.16666666666666666	0.2857142857142857	0.9285714285714286	0.2857142857142857
german	51	en	0.0	0.0	0.0	0.8968253968253969	0.0
german	51	fr	0.0	0.0	0.0	0.888888888888889	0.0
german	51	de	1.0	0.16666666666666666	0.2857142857142857	0.9285714285714286	0.2857142857142857
german	50	en	0.0	0.0	0.0	0.8968253968253969	0.0
german	50	fr	0.0	0.0	0.0	0.888888888888889	0.0
german	50	de	1.0	0.16666666666666666	0.2857142857142857	0.9285714285714286	0.2857142857142857
german	49	en	0.0	0.0	0.0	0.8968253968253969	0.0
german	49	fr	0.0	0.0	0.0	0.888888888888889	0.0
german	49	de	0.8	0.13333333333333333	0.22857142857142856	0.926984126984127	0.22857142857142856
german	48	en	0.0	0.0	0.0	0.8968253968253969	0.0
german	48	fr	0.0	0.0	0.0	0.888888888888889	0.0
german	48	de	0.0	0.0	0.0	0.9206349206349206	0.0
german	47	en	0.0	0.0	0.0	0.8968253968253969	0.0
german	47	fr	0.0	0.0	0.0	0.888888888888889	0.0
german	47	de	0.0	0.0	0.0	0.9206349206349206	0.0
german	46	en	0.0	0.0	0.0	0.8968253968253969	0.0
german	46	fr	0.0	0.0	0.0	0.888888888888889	0.0
german	46	de	0.0	0.0	0.0	0.9206349206349206	0.0
german	45	en	0.0	0.0	0.0	0.8968253968253969	0.0
german	45	fr	0.0	0.0	0.0	0.888888888888889	0.0
german	45	de	0.0	0.0	0.0	0.9206349206349206	0.0
german	44	en	0.0	0.0	0.0	0.8968253968253969	0.0
german	44	fr	0.0	0.0	0.0	0.888888888888889	0.0
german	44	de	0.0	0.0	0.0	0.9206349206349206	0.0
german	43	en	0.0	0.0	0.0	0.8968253968253969	0.0
german	43	fr	0.0	0.0	0.0	0.888888888888889	0.0
german	43	de	0.0	0.0	0.0	0.9206349206349206	0.0
german	42	en	0.0	0.0	0.0	0.8968253968253969	0.0
german	42	fr	0.0	0.0	0.0	0.888888888888889	0.0
german	42	de	0.0	0.0	0.0	0.9206349206349206	0.0
german	41	en	0.0	0.0	0.0	0.8968253968253969	0.0
german	41	fr	0.0	0.0	0.0	0.888888888888889	0.0
german	41	de	0.0	0.0	0.0	0.9206349206349206	0.0
german	40	en	0.0	0.0	0.0	0.8968253968253969	0.0
german	40	fr	0.0	0.0	0.0	0.888888888888889	0.0
german	40	de	0.0	0.0	0.0	0.9206349206349206	0.0
german	39	en	0.0	0.0	0.0	0.8968253968253969	0.0
german	39	fr	0.0	0.0	0.0	0.888888888888889	0.0
german	39	de	0.0	0.0	0.0	0.9206349206349206	0.0
german	38	en	0.0	0.0	0.0	0.8968253968253969	0.0
german	38	fr	0.0	0.0	0.0	0.888888888888889	0.0
german	38	de	0.0	0.0	0.0	0.9206349206349206	0.0
german	37	en	0.0	0.0	0.0	0.8968253968253969	0.0
german	37	fr	0.0	0.0	0.0	0.888888888888889	0.0
german	37	de	0.0	0.0	0.0	0.9206349206349206	0.0
german	36	en	0.0	0.0	0.0	0.8968253968253969	0.0
german	36	fr	0.0	0.0	0.0	0.888888888888889	0.0
german	36	de	0.0	0.0	0.0	0.9206349206349206	0.0
german	35	en	0.0	0.0	0.0	0.8968253968253969	0.0
german	35	fr	0.0	0.0	0.0	0.888888888888889	0.0
german	35	de	0.0	0.0	0.0	0.9206349206349206	0.0
german	34	en	0.0	0.0	0.0	0.8968253968253969	0.0
german	34	fr	0.0	0.0	0.0	0.888888888888889	0.0
german	34	de	0.0	0.0	0.0	0.9206349206349206	0.0
german	33	en	0.0	0.0	0.0	0.8968253968253969	0.0
german	33	fr	0.0	0.0	0.0	0.888888888888889	0.0
german	33	de	0.0	0.0	0.0	0.9206349206349206	0.0
german	32	en	0.0	0.0	0.0	0.8968253968253969	0.0
german	32	fr	0.0	0.0	0.0	0.888888888888889	0.0
german	32	de	0.0	0.0	0.0	0.9206349206349206	0.0
german	31	en	0.0	0.0	0.0	0.8968253968253969	0.0
german	31	fr	0.0	0.0	0.0	0.888888888888889	0.0
german	31	de	0.0	0.0	0.0	0.9206349206349206	0.0
german	30	en	0.0	0.0	0.0	0.8968253968253969	0.0
german	30	fr	0.0	0.0	0.0	0.888888888888889	0.0
german	30	de	0.0	0.0	0.0	0.9206349206349206	0.0
german	29	en	0.0	0.0	0.0	0.8968253968253969	0.0
german	29	fr	0.0	0.0	0.0	0.888888888888889	0.0
german	29	de	0.0	0.0	0.0	0.9206349206349206	0.0
german	28	en	0.0	0.0	0.0	0.8968253968253969	0.0
german	28	fr	0.0	0.0	0.0	0.888888888888889	0.0
german	28	de	0.0	0.0	0.0	0.9206349206349206	0.0
german	27	en	0.0	0.0	0.0	0.8968253968253969	0.0
german	27	fr	0.0	0.0	0.0	0.888888888888889	0.0
german	27	de	0.0	0.0	0.0	0.9206349206349206	0.0
german	26	en	0.0	0.0	0.0	0.8968253968253969	0.0
german	26	fr	0.0	0.0	0.0	0.888888888888889	0.0
german	26	de	0.0	0.0	0.0	0.9206349206349206	0.0
german	25	en	0.0	0.0	0.0	0.8968253968253969	0.0
german	25	fr	0.0	0.0	0.0	0.888888888888889	0.0
german	25	de	0.0	0.0	0.0	0.9206349206349206	0.0
german	24	en	0.0	0.0	0.0	0.8968253968253969	0.0
german	24	fr	0.0	0.0	0.0	0.888888888888889	0.0
german	24	de	0.0	0.0	0.0	0.9206349206349206	0.0
german	23	en	0.0	0.0	0.0	0.8968253968253969	0.0
german	23	fr	0.0	0.0	0.0	0.888888888888889	0.0
german	23	de	0.0	0.0	0.0	0.9206349206349206	0.0
german	22	en	0.0	0.0	0.0	0.8968253968253969	0.0
german	22	fr	0.0	0.0	0.0	0.888888888888889	0.0
german	22	de	0.0	0.0	0.0	0.9206349206349206	0.0
german	21	en	0.0	0.0	0.0	0.8968253968253969	0.0
german	21	fr	0.0	0.0	0.0	0.888888888888889	0.0
german	21	de	0.0	0.0	0.0	0.9206349206349206	0.0
german	20	en	0.0	0.0	0.0	0.8968253968253969	0.0
german	20	fr	0.0	0.0	0.0	0.888888888888889	0.0
german	20	de	0.0	0.0	0.0	0.9206349206349206	0.0
german	19	en	0.0	0.0	0.0	0.8968253968253969	0.0
german	19	fr	0.0	0.0	0.0	0.888888888888889	0.0
german	19	de	0.0	0.0	0.0	0.9206349206349206	0.0
german	18	en	0.0	0.0	0.0	0.8968253968253969	0.0
german	18	fr	0.0	0.0	0.0	0.888888888888889	0.0
german	18	de	0.0	0.0	0.0	0.9206349206349206	0.0
german	17	en	0.0	0.0	0.0	0.8968253968253969	0.0
german	17	fr	0.0	0.0	0.0	0.888888888888889	0.0
german	17	de	0.0	0.0	0.0	0.9206349206349206	0.0
german	16	en	0.0	0.0	0.0	0.8968253968253969	0.0
german	16	fr	0.0	0.0	0.0	0.888888888888889	0.0
german	16	de	0.0	0.0	0.0	0.9206349206349206	0.0
german	15	en	0.0	0.0	0.0	0.8968253968253969	0.0
german	15	fr	0.0	0.0	0.0	0.888888888888889	0.0
german	15	de	0.0	0.0	0.0	0.9206349206349206	0.0
german	14	en	0.0	0.0	0.0	0.8968253968253969	0.0
german	14	fr	0.0	0.0	0.0	0.888888888888889	0.0
german	14	de	0.0	0.0	0.0	0.9206349206349206	0.0
german	13	en	0.0	0.0	0.0	0.8968253968253969	0.0
german	13	fr	0.0	0.0	0.0	0.888888888888889	0.0
german	13	de	0.0	0.0	0.0	0.9206349206349206	0.0
german	12	en	0.0	0.0	0.0	0.8968253968253969	0.0
german	12	fr	0.0	0.0	0.0	0.888888888888889	0.0
german	12	de	0.0	0.0	0.0	0.9206349206349206	0.0
german	11	en	0.0	0.0	0.0	0.8968253968253969	0.0
german	11	fr	0.0	0.0	0.0	0.888888888888889	0.0
german	11	de	0.0	0.0	0.0	0.9206349206349206	0.0
german	10	en	0.0	0.0	0.0	0.8968253968253969	0.0
german	10	fr	0.0	0.0	0.0	0.888888888888889	0.0
german	10	de	0.0	0.0	0.0	0.9206349206349206	0.0
german	9	en	0.0	0.0	0.0	0.8968253968253969	0.0
german	9	fr	0.0	0.0	0.0	0.888888888888889	0.0
german	9	de	0.0	0.0	0.0	0.9206349206349206	0.0
german	8	en	0.0	0.0	0.0	0.8968253968253969	0.0
german	8	fr	0.0	0.0	0.0	0.8650793650793652	0.0
german	8	de	0.0	0.0	0.0	0.8730158730158731	0.0
german	7	en	0.0	0.0	0.0	0.880952380952381	0.0
german	7	fr	0.0	0.0	0.0	0.8492063492063492	0.0
german	7	de	0.0	0.0	0.0	0.8730158730158731	0.0
german	6	en	0.0	0.0	0.0	0.8968253968253969	0.0
german	6	fr	0.0	0.0	0.0	0.8174603174603174	0.0
german	6	de	0.0	0.0	0.0	0.8492063492063492	0.0
german	5	en	0.0	0.0	0.0	0.880952380952381	0.0
german	5	fr	0.0	0.0	0.0	0.8174603174603174	0.0
german	5	de	0.0	0.0	0.0	0.8492063492063492	0.0
german	4	en	0.0	0.0	0.0	0.8968253968253969	0.0
german	4	fr	0.0	0.0	0.0	0.888888888888889	0.0
german	4	de	0.0	0.0	0.0	0.9206349206349206	0.0
german	3	en	0.0	0.0	0.0	0.8968253968253969	0.0
german	3	fr	0.0	0.0	0.0	0.888888888888889	0.0
german	3	de	0.0	0.0	0.0	0.9206349206349206	0.0
german	2	en	0.0	0.0	0.0	0.8968253968253969	0.0
german	2	fr	0.0	0.0	0.0	0.888888888888889	0.0
german	2	de	0.0	0.0	0.0	0.9206349206349206	0.0
german	1	en	0.0	0.0	0.0	0.8968253968253969	0.0
german	1	fr	0.0	0.0	0.0	0.888888888888889	0.0
german	1	de	0.0	0.0	0.0	0.9174603174603174	0.0
english	97	en	0.6222222222222221	0.5714285714285714	0.5923076923076922	0.946031746031746	0.5594405594405594
english	97	fr	0.888888888888889	0.4444444444444445	0.5811965811965811	0.9492063492063492	0.5142857142857142
english	97	de	0.6333333333333333	0.6666666666666666	0.6476190476190476	0.9301587301587302	0.6787878787878787
english	96	en	0.22222222222222224	0.2857142857142857	0.25	0.9285714285714286	0.36363636363636365
english	96	fr	0.2	0.11111111111111112	0.14285714285714285	0.9126984126984127	0.1818181818181818
english	96	de	0.3333333333333333	0.5	0.4	0.9285714285714286	0.5454545454545454
english	95	en	0.22222222222222224	0.2857142857142857	0.25	0.9285714285714286	0.36363636363636365
english	95	fr	0.2	0.11111111111111112	0.14285714285714285	0.9126984126984127	0.1818181818181818
english	95	de	0.3333333333333333	0.5	0.4	0.9285714285714286	0.5454545454545454
english	94	en	0.22222222222222224	0.2857142857142857	0.25	0.9285714285714286	0.36363636363636365
english	94	fr	0.2	0.11111111111111112	0.14285714285714285	0.9126984126984127	0.1818181818181818
english	94	de	0.3333333333333333	0.5	0.4	0.9285714285714286	0.5454545454545454
english	93	en	0.22222222222222224	0.2857142857142857	0.25	0.9285714285714286	0.36363636363636365
english	93	fr	0.2	0.11111111111111112	0.14285714285714285	0.9126984126984127	0.1818181818181818
english	93	de	0.3333333333333333	0.5	0.4	0.9285714285714286	0.5454545454545454
english	92	en	0.22222222222222224	0.2857142857142857	0.25	0.9285714285714286	0.36363636363636365
english	92	fr	0.2	0.11111111111111112	0.14285714285714285	0.9126984126984127	0.1818181818181818
english	92	de	0.3333333333333333	0.5	0.4	0.9285714285714286	0.5454545454545454
english	91	en	0.22222222222222224	0.2857142857142857	0.25	0.9285714285714286	0.36363636363636365
english	91	fr	0.2	0.11111111111111112	0.14285714285714285	0.9126984126984127	0.1818181818181818
english	91	de	0.3333333333333333	0.5	0.4	0.9285714285714286	0.5454545454545454
english	90	en	0.125	0.14285714285714285	0.13333333333333333	0.9206349206349206	0.2
english	90	fr	0.2	0.11111111111111112	0.14285714285714285	0.9126984126984127	0.1818181818181818
english	90	de	0.3333333333333333	0.5	0.4	0.9285714285714286	0.5454545454545454
english	89	en	0.2	0.22857142857142856	0.21333333333333332	0.9269841269841269	0.27999999999999997
english	89	fr	0.26	0.22222222222222224	0.22857142857142856	0.919047619047619	0.2883116883116883
english	89	de	0.36666666666666664	0.5333333333333333	0.43428571428571433	0.9238095238095239	0.5696969696969696
english	88	en	0.5714285714285714	0.5714285714285714	0.5714285714285714	0.9444444444444444	0.6
english	88	fr	0.6	0.6666666666666666	0.631578947368421	0.9444444444444444	0.7142857142857143
english	88	de	0.5	0.6666666666666666	0.5714285714285715	0.9047619047619048	0.6
english	87	en	0.5714285714285714	0.5714285714285714	0.5714285714285714	0.9444444444444444	0.6
english	87	fr	0.6	0.6666666666666666	0.631578947368421	0.9444444444444444	0.7142857142857143
english	87	de	0.5	0.6666666666666666	0.5714285714285715	0.9047619047619048	0.6
english	86	en	0.5714285714285714	0.5714285714285714	0.5714285714285714	0.9444444444444444	0.6
english	86	fr	0.6666666666666666	0.6666666666666666	0.6666666666666666	0.9523809523809523	0.7142857142857143
english	86	de	0.5	0.6666666666666666	0.5714285714285715	0.9047619047619048	0.6
english	85	en	0.5714285714285714	0.5714285714285714	0.5714285714285714	0.9444444444444444	0.6
english	85	fr	0.6666666666666666	0.6666666666666666	0.6666666666666666	0.9523809523809523	0.7142857142857143
english	85	de	0.5	0.6666666666666666	0.5714285714285715	0.9047619047619048	0.6
english	84	en	0.5714285714285714	0.5714285714285714	0.5714285714285714	0.9444444444444444	0.6
english	84	fr	0.6666666666666666	0.6666666666666666	0.6666666666666666	0.9523809523809523	0.7142857142857143
english	84	de	0.5	0.6666666666666666	0.5714285714285715	0.9047619047619048	0.6
english	83	en	0.5714285714285714	0.5714285714285714	0.5714285714285714	0.9444444444444444	0.6
english	83	fr	0.6666666666666666	0.6666666666666666	0.6666666666666666	0.9523809523809523	0.7142857142857143
english	83	de	0.5	0.6666666666666666	0.5714285714285715	0.9047619047619048	0.6
english	82	en	0.5714285714285714	0.5714285714285714	0.5714285714285714	0.9444444444444444	0.6
english	82	fr	0.6	0.6666666666666666	0.631578947368421	0.9444444444444444	0.7142857142857143
english	82	de	0.5	0.6666666666666666	0.5714285714285715	0.9047619047619048	0.6
english	81	en	0.5821428571428571	0.6	0.5904761904761904	0.946031746031746	0.6466666666666667
english	81	fr	0.5890909090909091	0.6666666666666666	0.6252631578947369	0.9492063492063492	0.7464285714285714
english	81	de	0.5	0.6666666666666666	0.5714285714285715	0.9063492063492063	0.64
english	80	en	0.7142857142857143	0.7142857142857143	0.7142857142857143	0.9603174603174602	0.8333333333333333
english	80	fr	0.5454545454545454	0.6666666666666666	0.6	0.9682539682539681	0.8750000000000002
english	80	de	0.5714285714285714	0.6666666666666666	0.6153846153846153	0.9126984126984127	0.8
english	79	en	0.7142857142857143	0.7142857142857143	0.7142857142857143	0.9603174603174602	0.8333333333333333
english	79	fr	0.5454545454545454	0.6666666666666666	0.6	0.9682539682539681	0.8750000000000002
english	79	de	0.5714285714285714	0.6666666666666666	0.6153846153846153	0.9126984126984127	0.8
english	78	en	0.7142857142857143	0.7142857142857143	0.7142857142857143	0.9603174603174602	0.8333333333333333
english	78	fr	0.6	0.6666666666666666	0.631578947368421	0.976190476190476	0.8750000000000002
english	78	de	0.5714285714285714	0.6666666666666666	0.6153846153846153	0.9126984126984127	0.8
english	77	en	0.7142857142857143	0.7142857142857143	0.7142857142857143	0.9603174603174602	0.8333333333333333
english	77	fr	0.6	0.6666666666666666	0.631578947368421	0.976190476190476	0.8750000000000002
english	77	de	0.5714285714285714	0.6666666666666666	0.6153846153846153	0.9126984126984127	0.8
english	76	en	0.7142857142857143	0.7142857142857143	0.7142857142857143	0.9603174603174602	0.8333333333333333
english	76	fr	0.6	0.6666666666666666	0.631578947368421	0.976190476190476	0.8750000000000002
english	76	de	0.5714285714285714	0.6666666666666666	0.6153846153846153	0.9126984126984127	0.8
english	75	en	0.7142857142857143	0.7142857142857143	0.7142857142857143	0.9603174603174602	0.8333333333333333
english	75	fr	0.6	0.6666666666666666	0.631578947368421	0.976190476190476	0.8750000000000002
english	75	de	0.5714285714285714	0.6666666666666666	0.6153846153846153	0.9126984126984127	0.8
english	74	en	0.7142857142857143	0.7142857142857143	0.7142857142857143	0.9603174603174602	0.8333333333333333
english	74	fr	0.6	0.6666666666666666	0.631578947368421	0.976190476190476	0.8750000000000002
english	74	de	0.5714285714285714	0.6666666666666666	0.6153846153846153	0.9126984126984127	0.8
english	73	en	0.6380952380952382	0.6	0.6114285714285714	0.9539682539682539	0.6666666666666666
english	73	fr	0.53	0.5555555555555556	0.5360323886639675	0.9603174603174602	0.7400000000000001
english	73	de	0.6571428571428571	0.6	0.5923076923076922	0.919047619047619	0.74
english	72	en	0.25	0.14285714285714285	0.18181818181818182	0.9206349206349206	0.0
english	72	fr	0.25	0.11111111111111112	0.15384615384615383	0.9285714285714286	0.19999999999999998
english	72	de	1.0	0.3333333333333333	0.5	0.9444444444444444	0.5
english	71	en	0.25	0.14285714285714285	0.18181818181818182	0.9206349206349206	0.0
english	71	fr	0.25	0.11111111111111112	0.15384615384615383	0.9285714285714286	0.19999999999999998
english	71	de	1.0	0.3333333333333333	0.5	0.9444444444444444	0.5
english	70	en	0.25	0.14285714285714285	0.18181818181818182	0.9206349206349206	0.0
english	70	fr	0.25	0.11111111111111112	0.15384615384615383	0.9285714285714286	0.19999999999999998
english	70	de	1.0	0.3333333333333333	0.5	0.9444444444444444	0.5
english	69	en	0.25	0.14285714285714285	0.18181818181818182	0.9206349206349206	0.0
english	69	fr	0.25	0.11111111111111112	0.15384615384615383	0.9285714285714286	0.19999999999999998
english	69	de	1.0	0.3333333333333333	0.5	0.9444444444444444	0.5
english	68	en	0.25	0.14285714285714285	0.18181818181818182	0.9206349206349206	0.0
english	68	fr	0.25	0.11111111111111112	0.15384615384615383	0.9285714285714286	0.19999999999999998
english	68	de	1.0	0.3333333333333333	0.5	0.9444444444444444	0.5
english	67	en	0.25	0.14285714285714285	0.18181818181818182	0.9206349206349206	0.0
english	67	fr	0.25	0.11111111111111112	0.15384615384615383	0.9285714285714286	0.19999999999999998
english	67	de	1.0	0.3333333333333333	0.5	0.9444444444444444	0.5
english	66	en	0.25	0.14285714285714285	0.18181818181818182	0.9206349206349206	0.0
english	66	fr	0.25	0.11111111111111112	0.15384615384615383	0.9285714285714286	0.19999999999999998
english	66	de	1.0	0.3333333333333333	0.5	0.9444444444444444	0.5
english	65	en	0.2	0.11428571428571428	0.14545454545454545	0.919047619047619	0.0
english	65	fr	0.2	0.08888888888888888	0.12307692307692306	0.9238095238095239	0.15999999999999998
english	65	de	0.8	0.26666666666666666	0.4	0.9365079365079365	0.4
english	64	en	0.0	0.0	0.0	0.9206349206349206	0.0
english	64	fr	0.0	0.0	0.0	0.9047619047619048	0.0
english	64	de	0.0	0.0	0.0	0.9206349206349206	0.0
english	63	en	0.0	0.0	0.0	0.9206349206349206	0.0
english	63	fr	0.0	0.0	0.0	0.9047619047619048	0.0
english	63	de	0.0	0.0	0.0	0.9206349206349206	0.0
english	62	en	0.0	0.0	0.0	0.9206349206349206	0.0
english	62	fr	0.0	0.0	0.0	0.9047619047619048	0.0
english	62	de	0.0	0.0	0.0	0.9206349206349206	0.0
english	61	en	0.0	0.0	0.0	0.9206349206349206	0.0
english	61	fr	0.0	0.0	0.0	0.9047619047619048	0.0
english	61	de	0.0	0.0	0.0	0.9206349206349206	0.0
english	60	en	0.0	0.0	0.0	0.9206349206349206	0.0
english	60	fr	0.0	0.0	0.0	0.9047619047619048	0.0
english	60	de	0.0	0.0	0.0	0.9206349206349206	0.0
english	59	en	0.0	0.0	0.0	0.9206349206349206	0.0
english	59	fr	0.0	0.0	0.0	0.9047619047619048	0.0
english	59	de	0.0	0.0	0.0	0.9206349206349206	0.0
english	58	en	0.0	0.0	0.0	0.9206349206349206	0.0
english	58	fr	0.0	0.0	0.0	0.9047619047619048	0.0
english	58	de	0.0	0.0	0.0	0.9206349206349206	0.0
english	57	en	0.1	0.05714285714285714	0.07272727272727272	0.9158730158730158	0.08
english	57	fr	0.06666666666666667	0.02222222222222222	0.03333333333333333	0.9142857142857143	0.03333333333333333
english	57	de	0.2	0.1	0.13333333333333333	0.919047619047619	0.1
english	56	en	0.0	0.0	0.0	0.9126984126984127	0.0
english	56	fr	0.0	0.0	0.0	0.8968253968253969	0.0
english	56	de	0.5	0.16666666666666666	0.25	0.9365079365079365	0.2857142857142857
english	55	en	0.3333333333333333	0.14285714285714285	0.2	0.9206349206349206	0.25
english	55	fr	0.0	0.0	0.0	0.8968253968253969	0.0
english	55	de	0.5	0.16666666666666666	0.25	0.9365079365079365	0.2857142857142857
english	54	en	0.3333333333333333	0.14285714285714285	0.2	0.9206349206349206	0.25
english	54	fr	0.0	0.0	0.0	0.8968253968253969	0.0
english	54	de	0.5	0.16666666666666666	0.25	0.9365079365079365	0.2857142857142857
english	53	en	0.3333333333333333	0.14285714285714285	0.2	0.9206349206349206	0.25
english	53	fr	0.0	0.0	0.0	0.8968253968253969	0.0
english	53	de	0.5	0.16666666666666666	0.25	0.9365079365079365	0.2857142857142857
english	52	en	0.0	0.0	0.0	0.9126984126984127	0.0
english	52	fr	0.0	0.0	0.0	0.8968253968253969	0.0
english	52	de	0.5	0.16666666666666666	0.25	0.9365079365079365	0.2857142857142857
english	51	en	0.0	0.0	0.0	0.9126984126984127	0.0
english	51	fr	0.0	0.0	0.0	0.8968253968253969	0.0
english	51	de	0.5	0.16666666666666666	0.25	0.9365079365079365	0.2857142857142857
english	50	en	0.0	0.0	0.0	0.9126984126984127	0.0
english	50	fr	0.0	0.0	0.0	0.8968253968253969	0.0
english	50	de	0.5	0.16666666666666666	0.25	0.9285714285714286	0.25
english	49	en	0.1	0.02857142857142857	0.044444444444444446	0.9142857142857143	0.0
english	49	fr	0.2	0.02222222222222222	0.039999999999999994	0.9015873015873016	0.0
english	49	de	0.4	0.13333333333333333	0.2	0.926984126984127	0.2
english	48	en	1.0	0.14285714285714285	0.25	0.9285714285714286	0.0
english	48	fr	0.0	0.0	0.0	0.9126984126984127	0.0
english	48	de	0.0	0.0	0.0	0.9206349206349206	0.0
english	47	en	1.0	0.14285714285714285	0.25	0.9285714285714286	0.0
english	47	fr	0.0	0.0	0.0	0.9126984126984127	0.0
english	47	de	0.0	0.0	0.0	0.9206349206349206	0.0
english	46	en	1.0	0.14285714285714285	0.25	0.9285714285714286	0.0
english	46	fr	0.0	0.0	0.0	0.9126984126984127	0.0
english	46	de	0.0	0.0	0.0	0.9206349206349206	0.0
english	45	en	1.0	0.14285714285714285	0.25	0.9285714285714286	0.0
english	45	fr	0.0	0.0	0.0	0.9126984126984127	0.0
english	45	de	0.0	0.0	0.0	0.9206349206349206	0.0
english	44	en	1.0	0.14285714285714285	0.25	0.9285714285714286	0.0
english	44	fr	0.0	0.0	0.0	0.9126984126984127	0.0
english	44	de	0.0	0.0	0.0	0.9206349206349206	0.0
english	43	en	1.0	0.14285714285714285	0.25	0.9285714285714286	0.0
english	43	fr	0.0	0.0	0.0	0.9126984126984127	0.0
english	43	de	0.0	0.0	0.0	0.9206349206349206	0.0
english	42	en	1.0	0.14285714285714285	0.25	0.9285714285714286	0.0
english	42	fr	0.0	0.0	0.0	0.9126984126984127	0.0
english	42	de	0.0	0.0	0.0	0.9206349206349206	0.0
english	41	en	0.8	0.11428571428571428	0.2	0.9238095238095239	0.0
english	41	fr	0.0	0.0	0.0	0.9095238095238095	0.0
english	41	de	0.0	0.0	0.0	0.9206349206349206	0.0
english	40	en	0.0	0.0	0.0	0.9047619047619048	0.0
english	40	fr	0.0	0.0	0.0	0.8968253968253969	0.0
english	40	de	0.0	0.0	0.0	0.9206349206349206	0.0
english	39	en	0.0	0.0	0.0	0.9047619047619048	0.0
english	39	fr	0.0	0.0	0.0	0.8968253968253969	0.0
english	39	de	0.0	0.0	0.0	0.9206349206349206	0.0
english	38	en	0.0	0.0	0.0	0.9047619047619048	0.0
english	38	fr	0.0	0.0	0.0	0.8968253968253969	0.0
english	38	de	0.0	0.0	0.0	0.9206349206349206	0.0
english	37	en	0.0	0.0	0.0	0.9047619047619048	0.0
english	37	fr	0.0	0.0	0.0	0.8968253968253969	0.0
english	37	de	0.0	0.0	0.0	0.9206349206349206	0.0
english	36	en	0.0	0.0	0.0	0.9047619047619048	0.0
english	36	fr	0.0	0.0	0.0	0.8968253968253969	0.0
english	36	de	0.0	0.0	0.0	0.9206349206349206	0.0
english	35	en	0.0	0.0	0.0	0.9047619047619048	0.0
english	35	fr	0.0	0.0	0.0	0.8968253968253969	0.0
english	35	de	0.0	0.0	0.0	0.9206349206349206	0.0
english	34	en	0.0	0.0	0.0	0.9047619047619048	0.0
english	34	fr	0.0	0.0	0.0	0.8968253968253969	0.0
english	34	de	0.0	0.0	0.0	0.9206349206349206	0.0
english	33	en	0.0	0.0	0.0	0.9047619047619048	0.0
english	33	fr	0.0	0.0	0.0	0.8952380952380953	0.0
english	33	de	0.0	0.0	0.0	0.9206349206349206	0.0
english	32	en	0.0	0.0	0.0	0.8968253968253969	0.0
english	32	fr	0.0	0.0	0.0	0.888888888888889	0.0
english	32	de	0.0	0.0	0.0	0.9206349206349206	0.0
english	31	en	0.0	0.0	0.0	0.8968253968253969	0.0
english	31	fr	0.0	0.0	0.0	0.888888888888889	0.0
english	31	de	0.0	0.0	0.0	0.9206349206349206	0.0
english	30	en	0.0	0.0	0.0	0.8968253968253969	0.0
english	30	fr	0.0	0.0	0.0	0.888888888888889	0.0
english	30	de	0.0	0.0	0.0	0.9206349206349206	0.0
english	29	en	0.0	0.0	0.0	0.8968253968253969	0.0
english	29	fr	0.0	0.0	0.0	0.888888888888889	0.0
english	29	de	0.0	0.0	0.0	0.9206349206349206	0.0
english	28	en	0.0	0.0	0.0	0.8968253968253969	0.0
english	28	fr	0.0	0.0	0.0	0.888888888888889	0.0
english	28	de	0.0	0.0	0.0	0.9206349206349206	0.0
english	27	en	0.0	0.0	0.0	0.8968253968253969	0.0
english	27	fr	0.0	0.0	0.0	0.888888888888889	0.0
english	27	de	0.0	0.0	0.0	0.9206349206349206	0.0
english	26	en	0.0	0.0	0.0	0.8968253968253969	0.0
english	26	fr	0.0	0.0	0.0	0.888888888888889	0.0
english	26	de	0.0	0.0	0.0	0.9206349206349206	0.0
english	25	en	0.0	0.0	0.0	0.8968253968253969	0.0
english	25	fr	0.0	0.0	0.0	0.888888888888889	0.0
english	25	de	0.0	0.0	0.0	0.9206349206349206	0.0
english	24	en	0.0	0.0	0.0	0.8968253968253969	0.0
english	24	fr	0.0	0.0	0.0	0.888888888888889	0.0
english	24	de	0.0	0.0	0.0	0.9206349206349206	0.0
english	23	en	0.0	0.0	0.0	0.8968253968253969	0.0
english	23	fr	0.0	0.0	0.0	0.888888888888889	0.0
english	23	de	0.0	0.0	0.0	0.9206349206349206	0.0
english	22	en	0.0	0.0	0.0	0.8968253968253969	0.0
english	22	fr	0.0	0.0	0.0	0.888888888888889	0.0
english	22	de	0.0	0.0	0.0	0.9206349206349206	0.0
english	21	en	0.0	0.0	0.0	0.8968253968253969	0.0
english	21	fr	0.0	0.0	0.0	0.888888888888889	0.0
english	21	de	0.0	0.0	0.0	0.9206349206349206	0.0
english	20	en	0.0	0.0	0.0	0.8968253968253969	0.0
english	20	fr	0.0	0.0	0.0	0.888888888888889	0.0
english	20	de	0.0	0.0	0.0	0.9206349206349206	0.0
english	19	en	0.0	0.0	0.0	0.8968253968253969	0.0
english	19	fr	0.0	0.0	0.0	0.888888888888889	0.0
english	19	de	0.0	0.0	0.0	0.9206349206349206	0.0
english	18	en	0.0	0.0	0.0	0.8968253968253969	0.0
english	18	fr	0.0	0.0	0.0	0.888888888888889	0.0
english	18	de	0.0	0.0	0.0	0.9206349206349206	0.0
english	17	en	0.0	0.0	0.0	0.8968253968253969	0.0
english	17	fr	0.0	0.0	0.0	0.888888888888889	0.0
english	17	de	0.0	0.0	0.0	0.9206349206349206	0.0
english	16	en	0.0	0.0	0.0	0.8968253968253969	0.0
english	16	fr	0.0	0.0	0.0	0.888888888888889	0.0
english	16	de	0.0	0.0	0.0	0.9206349206349206	0.0
english	15	en	0.0	0.0	0.0	0.8968253968253969	0.0
english	15	fr	0.0	0.0	0.0	0.888888888888889	0.0
english	15	de	0.0	0.0	0.0	0.9206349206349206	0.0
english	14	en	0.0	0.0	0.0	0.8968253968253969	0.0
english	14	fr	0.0	0.0	0.0	0.888888888888889	0.0
english	14	de	0.0	0.0	0.0	0.9206349206349206	0.0
english	13	en	0.0	0.0	0.0	0.8968253968253969	0.0
english	13	fr	0.0	0.0	0.0	0.888888888888889	0.0
english	13	de	0.0	0.0	0.0	0.9206349206349206	0.0
english	12	en	0.0	0.0	0.0	0.8968253968253969	0.0
english	12	fr	0.0	0.0	0.0	0.888888888888889	0.0
english	12	de	0.0	0.0	0.0	0.9206349206349206	0.0
english	11	en	0.0	0.0	0.0	0.8968253968253969	0.0
english	11	fr	0.0	0.0	0.0	0.888888888888889	0.0
english	11	de	0.0	0.0	0.0	0.9206349206349206	0.0
english	10	en	0.0	0.0	0.0	0.8968253968253969	0.0
english	10	fr	0.0	0.0	0.0	0.888888888888889	0.0
english	10	de	0.0	0.0	0.0	0.9206349206349206	0.0
english	9	en	0.0	0.0	0.0	0.8968253968253969	0.0
english	9	fr	0.0	0.0	0.0	0.888888888888889	0.0
english	9	de	0.0	0.0	0.0	0.9206349206349206	0.0
english	8	en	0.0	0.0	0.0	0.8333333333333334	0.0
english	8	fr	0.0	0.0	0.0	0.8412698412698413	0.0
english	8	de	0.0	0.0	0.0	0.8253968253968254	0.0
english	7	en	0.0	0.0	0.0	0.8333333333333334	0.0
english	7	fr	0.0	0.0	0.0	0.8412698412698413	0.0
english	7	de	0.0	0.0	0.0	0.8174603174603174	0.0
english	6	en	0.0	0.0	0.0	0.8253968253968254	0.0
english	6	fr	0.0	0.0	0.0	0.8174603174603174	0.0
english	6	de	0.0	0.0	0.0	0.7857142857142857	0.0
english	5	en	0.0	0.0	0.0	0.8253968253968254	0.0
english	5	fr	0.0	0.0	0.0	0.8015873015873016	0.0
english	5	de	0.0	0.0	0.0	0.7857142857142857	0.0
english	4	en	0.0	0.0	0.0	0.8095238095238095	0.0
english	4	fr	0.0	0.0	0.0	0.8095238095238095	0.0
english	4	de	0.0	0.0	0.0	0.7857142857142857	0.0
english	3	en	0.0	0.0	0.0	0.753968253968254	0.0
english	3	fr	0.0	0.0	0.0	0.7936507936507936	0.0
english	3	de	0.0	0.0	0.0	0.7698412698412699	0.0
english	2	en	0.0	0.0	0.0	0.8730158730158731	0.0
english	2	fr	0.0	0.0	0.0	0.888888888888889	0.0
english	2	de	0.0	0.0	0.0	0.9047619047619048	0.0
english	1	en	0.0	0.0	0.0	0.7634920634920636	0.0
english	1	fr	0.0	0.0	0.0	0.807936507936508	0.0
english	1	de	0.0	0.0	0.0	0.7984126984126985	0.0
french	97	en	0.0	0.0	0.0	0.9158730158730158	0.0
french	97	fr	0.0	0.0	0.0	0.8936507936507937	0.0
french	97	de	0.0	0.0	0.0	0.9206349206349206	0.0
french	96	en	0.0	0.0	0.0	0.9206349206349206	0.0
french	96	fr	0.0	0.0	0.0	0.9126984126984127	0.0
french	96	de	0.0	0.0	0.0	0.9206349206349206	0.0
french	95	en	0.0	0.0	0.0	0.9206349206349206	0.0
french	95	fr	0.0	0.0	0.0	0.9126984126984127	0.0
french	95	de	0.0	0.0	0.0	0.9206349206349206	0.0
french	94	en	0.0	0.0	0.0	0.9206349206349206	0.0
french	94	fr	0.0	0.0	0.0	0.9126984126984127	0.0
french	94	de	0.0	0.0	0.0	0.9206349206349206	0.0
french	93	en	0.0	0.0	0.0	0.9206349206349206	0.0
french	93	fr	0.0	0.0	0.0	0.9126984126984127	0.0
french	93	de	0.0	0.0	0.0	0.9206349206349206	0.0
french	92	en	0.0	0.0	0.0	0.9206349206349206	0.0
french	92	fr	0.0	0.0	0.0	0.9126984126984127	0.0
french	92	de	0.0	0.0	0.0	0.9206349206349206	0.0
french	91	en	0.0	0.0	0.0	0.9206349206349206	0.0
french	91	fr	0.0	0.0	0.0	0.9126984126984127	0.0
french	91	de	0.0	0.0	0.0	0.9206349206349206	0.0
french	90	en	0.0	0.0	0.0	0.9206349206349206	0.0
french	90	fr	0.0	0.0	0.0	0.9126984126984127	0.0
french	90	de	0.0	0.0	0.0	0.9206349206349206	0.0
french	89	en	0.05714285714285714	0.05714285714285714	0.05714285714285714	0.9222222222222222	0.0
french	89	fr	0.0	0.0	0.0	0.9047619047619048	0.0
french	89	de	0.0	0.0	0.0	0.9206349206349206	0.0
french	88	en	0.16666666666666666	0.14285714285714285	0.15384615384615383	0.9285714285714286	0.0
french	88	fr	0.0	0.0	0.0	0.9047619047619048	0.0
french	88	de	0.0	0.0	0.0	0.9206349206349206	0.0
french	87	en	0.16666666666666666	0.14285714285714285	0.15384615384615383	0.9285714285714286	0.0
french	87	fr	0.0	0.0	0.0	0.9047619047619048	0.0
french	87	de	0.0	0.0	0.0	0.9206349206349206	0.0
french	86	en	0.16666666666666666	0.14285714285714285	0.15384615384615383	0.9285714285714286	0.0
french	86	fr	0.0	0.0	0.0	0.9047619047619048	0.0
french	86	de	0.0	0.0	0.0	0.9206349206349206	0.0
french	85	en	0.16666666666666666	0.14285714285714285	0.15384615384615383	0.9285714285714286	0.0
french	85	fr	0.0	0.0	0.0	0.9047619047619048	0.0
french	85	de	0.0	0.0	0.0	0.9206349206349206	0.0
french	84	en	0.16666666666666666	0.14285714285714285	0.15384615384615383	0.9285714285714286	0.0
french	84	fr	0.0	0.0	0.0	0.9047619047619048	0.0
french	84	de	0.0	0.0	0.0	0.9206349206349206	0.0
french	83	en	0.16666666666666666	0.14285714285714285	0.15384615384615383	0.9285714285714286	0.0
french	83	fr	0.0	0.0	0.0	0.9047619047619048	0.0
french	83	de	0.0	0.0	0.0	0.9206349206349206	0.0
french	82	en	0.16666666666666666	0.14285714285714285	0.15384615384615383	0.9285714285714286	0.0
french	82	fr	0.0	0.0	0.0	0.9047619047619048	0.0
french	82	de	0.0	0.0	0.0	0.9206349206349206	0.0
french	81	en	0.2333333333333333	0.14285714285714285	0.1675213675213675	0.9285714285714286	0.0
french	81	fr	0.0	0.0	0.0	0.9031746031746032	0.0
french	81	de	0.0	0.0	0.0	0.9206349206349206	0.0
french	80	en	0.5	0.14285714285714285	0.22222222222222224	0.9285714285714286	0.0
french	80	fr	0.0	0.0	0.0	0.8968253968253969	0.0
french	80	de	0.0	0.0	0.0	0.9206349206349206	0.0
french	79	en	0.5	0.14285714285714285	0.22222222222222224	0.9285714285714286	0.0
french	79	fr	0.0	0.0	0.0	0.8968253968253969	0.0
french	79	de	0.0	0.0	0.0	0.9206349206349206	0.0
french	78	en	0.5	0.14285714285714285	0.22222222222222224	0.9285714285714286	0.0
french	78	fr	0.0	0.0	0.0	0.8968253968253969	0.0
french	78	de	0.0	0.0	0.0	0.9206349206349206	0.0
french	77	en	0.5	0.14285714285714285	0.22222222222222224	0.9285714285714286	0.0
french	77	fr	0.0	0.0	0.0	0.8968253968253969	0.0
french	77	de	0.0	0.0	0.0	0.9206349206349206	0.0
french	76	en	0.5	0.14285714285714285	0.22222222222222224	0.9285714285714286	0.0
french	76	fr	0.0	0.0	0.0	0.8968253968253969	0.0
french	76	de	0.0	0.0	0.0	0.9206349206349206	0.0
french	75	en	0.5	0.14285714285714285	0.22222222222222224	0.9285714285714286	0.0
french	75	fr	0.0	0.0	0.0	0.8968253968253969	0.0
french	75	de	0.0	0.0	0.0	0.9206349206349206	0.0
french	74	en	0.5	0.14285714285714285	0.22222222222222224	0.9285714285714286	0.0
french	74	fr	0.0	0.0	0.0	0.8968253968253969	0.0
french	74	de	0.0	0.0	0.0	0.9206349206349206	0.0
french	73	en	0.4	0.11428571428571428	0.17777777777777778	0.926984126984127	0.044444444444444446
french	73	fr	0.0	0.0	0.0	0.8968253968253969	0.0
french	73	de	0.0	0.0	0.0	0.9206349206349206	0.0
french	72	en	0.0	0.0	0.0	0.9126984126984127	0.0
french	72	fr	0.0	0.0	0.0	0.8968253968253969	0.0
french	72	de	0.0	0.0	0.0	0.9206349206349206	0.0
french	71	en	0.0	0.0	0.0	0.9126984126984127	0.0
french	71	fr	0.0	0.0	0.0	0.8968253968253969	0.0
french	71	de	0.0	0.0	0.0	0.9206349206349206	0.0
french	70	en	0.0	0.0	0.0	0.9126984126984127	0.0
french	70	fr	0.0	0.0	0.0	0.8968253968253969	0.0
french	70	de	0.0	0.0	0.0	0.9206349206349206	0.0
french	69	en	0.0	0.0	0.0	0.9126984126984127	0.0
french	69	fr	0.0	0.0	0.0	0.8968253968253969	0.0
french	69	de	0.0	0.0	0.0	0.9206349206349206	0.0
french	68	en	0.0	0.0	0.0	0.9126984126984127	0.0
french	68	fr	0.0	0.0	0.0	0.8968253968253969	0.0
french	68	de	0.0	0.0	0.0	0.9206349206349206	0.0
french	67	en	0.0	0.0	0.0	0.9126984126984127	0.0
french	67	fr	0.0	0.0	0.0	0.8968253968253969	0.0
french	67	de	0.0	0.0	0.0	0.9206349206349206	0.0
french	66	en	0.0	0.0	0.0	0.9126984126984127	0.0
french	66	fr	0.0	0.0	0.0	0.8968253968253969	0.0
french	66	de	0.0	0.0	0.0	0.9206349206349206	0.0
french	65	en	0.0	0.0	0.0	0.9126984126984127	0.0
french	65	fr	0.0	0.0	0.0	0.8984126984126984	0.0
french	65	de	0.0	0.0	0.0	0.9206349206349206	0.0
french	64	en	0.0	0.0	0.0	0.9126984126984127	0.0
french	64	fr	0.0	0.0	0.0	0.9047619047619048	0.0
french	64	de	0.0	0.0	0.0	0.9206349206349206	0.0
french	63	en	0.0	0.0	0.0	0.9126984126984127	0.0
french	63	fr	0.0	0.0	0.0	0.9047619047619048	0.0
french	63	de	0.0	0.0	0.0	0.9206349206349206	0.0
french	62	en	0.0	0.0	0.0	0.9126984126984127	0.0
french	62	fr	0.0	0.0	0.0	0.9047619047619048	0.0
french	62	de	0.0	0.0	0.0	0.9206349206349206	0.0
french	61	en	0.0	0.0	0.0	0.9126984126984127	0.0
french	61	fr	0.0	0.0	0.0	0.9047619047619048	0.0
french	61	de	0.0	0.0	0.0	0.9206349206349206	0.0
french	60	en	0.0	0.0	0.0	0.9126984126984127	0.0
french	60	fr	0.0	0.0	0.0	0.9047619047619048	0.0
french	60	de	0.0	0.0	0.0	0.9206349206349206	0.0
french	59	en	0.0	0.0	0.0	0.9126984126984127	0.0
french	59	fr	0.0	0.0	0.0	0.9047619047619048	0.0
french	59	de	0.0	0.0	0.0	0.9206349206349206	0.0
french	58	en	0.0	0.0	0.0	0.9126984126984127	0.0
french	58	fr	0.0	0.0	0.0	0.9047619047619048	0.0
french	58	de	0.0	0.0	0.0	0.9206349206349206	0.0
french	57	en	0.0	0.0	0.0	0.9111111111111111	0.0
french	57	fr	0.0	0.0	0.0	0.8968253968253969	0.0
french	57	de	0.0	0.0	0.0	0.9206349206349206	0.0
french	56	en	0.0	0.0	0.0	0.9047619047619048	0.0
french	56	fr	0.0	0.0	0.0	0.8968253968253969	0.0
french	56	de	0.0	0.0	0.0	0.9206349206349206	0.0
french	55	en	0.0	0.0	0.0	0.9047619047619048	0.0
french	55	fr	0.0	0.0	0.0	0.8968253968253969	0.0
french	55	de	0.0	0.0	0.0	0.9206349206349206	0.0
french	54	en	0.0	0.0	0.0	0.9047619047619048	0.0
french	54	fr	0.0	0.0	0.0	0.8968253968253969	0.0
french	54	de	0.0	0.0	0.0	0.9206349206349206	0.0
french	53	en	0.0	0.0	0.0	0.9047619047619048	0.0
french	53	fr	0.0	0.0	0.0	0.8968253968253969	0.0
french	53	de	0.0	0.0	0.0	0.9206349206349206	0.0
french	52	en	0.0	0.0	0.0	0.9047619047619048	0.0
french	52	fr	0.0	0.0	0.0	0.8968253968253969	0.0
french	52	de	0.0	0.0	0.0	0.9206349206349206	0.0
french	51	en	0.0	0.0	0.0	0.9047619047619048	0.0
french	51	fr	0.0	0.0	0.0	0.8968253968253969	0.0
french	51	de	0.0	0.0	0.0	0.9206349206349206	0.0
french	50	en	0.0	0.0	0.0	0.9047619047619048	0.0
french	50	fr	0.0	0.0	0.0	0.8968253968253969	0.0
french	50	de	0.0	0.0	0.0	0.9206349206349206	0.0
french	49	en	0.0	0.0	0.0	0.9031746031746032	0.0
french	49	fr	0.0	0.0	0.0	0.8952380952380953	0.0
french	49	de	0.0	0.0	0.0	0.9206349206349206	0.0
french	48	en	0.0	0.0	0.0	0.8968253968253969	0.0
french	48	fr	0.0	0.0	0.0	0.888888888888889	0.0
french	48	de	0.0	0.0	0.0	0.9206349206349206	0.0
french	47	en	0.0	0.0	0.0	0.8968253968253969	0.0
french	47	fr	0.0	0.0	0.0	0.888888888888889	0.0
french	47	de	0.0	0.0	0.0	0.9206349206349206	0.0
french	46	en	0.0	0.0	0.0	0.8968253968253969	0.0
french	46	fr	0.0	0.0	0.0	0.888888888888889	0.0
french	46	de	0.0	0.0	0.0	0.9206349206349206	0.0
french	45	en	0.0	0.0	0.0	0.8968253968253969	0.0
french	45	fr	0.0	0.0	0.0	0.888888888888889	0.0
french	45	de	0.0	0.0	0.0	0.9206349206349206	0.0
french	44	en	0.0	0.0	0.0	0.8968253968253969	0.0
french	44	fr	0.0	0.0	0.0	0.888888888888889	0.0
french	44	de	0.0	0.0	0.0	0.9206349206349206	0.0
french	43	en	0.0	0.0	0.0	0.8968253968253969	0.0
french	43	fr	0.0	0.0	0.0	0.888888888888889	0.0
french	43	de	0.0	0.0	0.0	0.9206349206349206	0.0
french	42	en	0.0	0.0	0.0	0.8968253968253969	0.0
french	42	fr	0.0	0.0	0.0	0.888888888888889	0.0
french	42	de	0.0	0.0	0.0	0.9206349206349206	0.0
french	41	en	0.0	0.0	0.0	0.8984126984126984	0.0
french	41	fr	0.0	0.0	0.0	0.8904761904761905	0.0
french	41	de	0.0	0.0	0.0	0.9206349206349206	0.0
french	40	en	0.0	0.0	0.0	0.8968253968253969	0.0
french	40	fr	0.0	0.0	0.0	0.888888888888889	0.0
french	40	de	0.0	0.0	0.0	0.9206349206349206	0.0
french	39	en	0.0	0.0	0.0	0.9047619047619048	0.0
french	39	fr	0.0	0.0	0.0	0.888888888888889	0.0
french	39	de	0.0	0.0	0.0	0.9206349206349206	0.0
french	38	en	0.0	0.0	0.0	0.9047619047619048	0.0
french	38	fr	0.0	0.0	0.0	0.888888888888889	0.0
french	38	de	0.0	0.0	0.0	0.9206349206349206	0.0
french	37	en	0.0	0.0	0.0	0.9047619047619048	0.0
french	37	fr	0.0	0.0	0.0	0.888888888888889	0.0
french	37	de	0.0	0.0	0.0	0.9206349206349206	0.0
french	36	en	0.0	0.0	0.0	0.9047619047619048	0.0
french	36	fr	0.0	0.0	0.0	0.888888888888889	0.0
french	36	de	0.0	0.0	0.0	0.9206349206349206	0.0
french	35	en	0.0	0.0	0.0	0.9047619047619048	0.0
french	35	fr	0.0	0.0	0.0	0.888888888888889	0.0
french	35	de	0.0	0.0	0.0	0.9206349206349206	0.0
french	34	en	0.0	0.0	0.0	0.9047619047619048	0.0
french	34	fr	0.0	0.0	0.0	0.888888888888889	0.0
french	34	de	0.0	0.0	0.0	0.9206349206349206	0.0
french	33	en	0.0	0.0	0.0	0.9031746031746032	0.0
french	33	fr	0.0	0.0	0.0	0.888888888888889	0.0
french	33	de	0.0	0.0	0.0	0.9206349206349206	0.0
french	32	en	0.0	0.0	0.0	0.8968253968253969	0.0
french	32	fr	0.0	0.0	0.0	0.888888888888889	0.0
french	32	de	0.0	0.0	0.0	0.9206349206349206	0.0
french	31	en	0.0	0.0	0.0	0.8968253968253969	0.0
french	31	fr	0.0	0.0	0.0	0.888888888888889	0.0
french	31	de	0.0	0.0	0.0	0.9206349206349206	0.0
french	30	en	0.0	0.0	0.0	0.8968253968253969	0.0
french	30	fr	0.0	0.0	0.0	0.888888888888889	0.0
french	30	de	0.0	0.0	0.0	0.9206349206349206	0.0
french	29	en	0.0	0.0	0.0	0.8968253968253969	0.0
french	29	fr	0.0	0.0	0.0	0.888888888888889	0.0
french	29	de	0.0	0.0	0.0	0.9206349206349206	0.0
french	28	en	0.0	0.0	0.0	0.8968253968253969	0.0
french	28	fr	0.0	0.0	0.0	0.888888888888889	0.0
french	28	de	0.0	0.0	0.0	0.9206349206349206	0.0
french	27	en	0.0	0.0	0.0	0.8968253968253969	0.0
french	27	fr	0.0	0.0	0.0	0.888888888888889	0.0
french	27	de	0.0	0.0	0.0	0.9206349206349206	0.0
french	26	en	0.0	0.0	0.0	0.8968253968253969	0.0
french	26	fr	0.0	0.0	0.0	0.888888888888889	0.0
french	26	de	0.0	0.0	0.0	0.9206349206349206	0.0
french	25	en	0.0	0.0	0.0	0.8968253968253969	0.0
french	25	fr	0.0	0.0	0.0	0.888888888888889	0.0
french	25	de	0.0	0.0	0.0	0.9206349206349206	0.0
french	24	en	0.0	0.0	0.0	0.8968253968253969	0.0
french	24	fr	0.0	0.0	0.0	0.888888888888889	0.0
french	24	de	0.0	0.0	0.0	0.9206349206349206	0.0
french	23	en	0.0	0.0	0.0	0.8968253968253969	0.0
french	23	fr	0.0	0.0	0.0	0.888888888888889	0.0
french	23	de	0.0	0.0	0.0	0.9206349206349206	0.0
french	22	en	0.0	0.0	0.0	0.8968253968253969	0.0
french	22	fr	0.0	0.0	0.0	0.888888888888889	0.0
french	22	de	0.0	0.0	0.0	0.9206349206349206	0.0
french	21	en	0.0	0.0	0.0	0.8968253968253969	0.0
french	21	fr	0.0	0.0	0.0	0.888888888888889	0.0
french	21	de	0.0	0.0	0.0	0.9206349206349206	0.0
french	20	en	0.0	0.0	0.0	0.8968253968253969	0.0
french	20	fr	0.0	0.0	0.0	0.888888888888889	0.0
french	20	de	0.0	0.0	0.0	0.9206349206349206	0.0
french	19	en	0.0	0.0	0.0	0.8968253968253969	0.0
french	19	fr	0.0	0.0	0.0	0.888888888888889	0.0
french	19	de	0.0	0.0	0.0	0.9206349206349206	0.0
french	18	en	0.0	0.0	0.0	0.8968253968253969	0.0
french	18	fr	0.0	0.0	0.0	0.888888888888889	0.0
french	18	de	0.0	0.0	0.0	0.9206349206349206	0.0
french	17	en	0.0	0.0	0.0	0.8968253968253969	0.0
french	17	fr	0.0	0.0	0.0	0.888888888888889	0.0
french	17	de	0.0	0.0	0.0	0.9206349206349206	0.0
french	16	en	0.0	0.0	0.0	0.8968253968253969	0.0
french	16	fr	0.0	0.0	0.0	0.888888888888889	0.0
french	16	de	0.0	0.0	0.0	0.9206349206349206	0.0
french	15	en	0.0	0.0	0.0	0.8968253968253969	0.0
french	15	fr	0.0	0.0	0.0	0.888888888888889	0.0
french	15	de	0.0	0.0	0.0	0.9206349206349206	0.0
french	14	en	0.0	0.0	0.0	0.8968253968253969	0.0
french	14	fr	0.0	0.0	0.0	0.888888888888889	0.0
french	14	de	0.0	0.0	0.0	0.9206349206349206	0.0
french	13	en	0.0	0.0	0.0	0.8968253968253969	0.0
french	13	fr	0.0	0.0	0.0	0.888888888888889	0.0
french	13	de	0.0	0.0	0.0	0.9206349206349206	0.0
french	12	en	0.0	0.0	0.0	0.8968253968253969	0.0
french	12	fr	0.0	0.0	0.0	0.888888888888889	0.0
french	12	de	0.0	0.0	0.0	0.9206349206349206	0.0
french	11	en	0.0	0.0	0.0	0.8968253968253969	0.0
french	11	fr	0.0	0.0	0.0	0.888888888888889	0.0
french	11	de	0.0	0.0	0.0	0.9206349206349206	0.0
french	10	en	0.0	0.0	0.0	0.8968253968253969	0.0
french	10	fr	0.0	0.0	0.0	0.888888888888889	0.0
french	10	de	0.0	0.0	0.0	0.9206349206349206	0.0
french	9	en	0.0	0.0	0.0	0.8968253968253969	0.0
french	9	fr	0.0	0.0	0.0	0.888888888888889	0.0
french	9	de	0.0	0.0	0.0	0.9206349206349206	0.0
french	8	en	0.0	0.0	0.0	0.8968253968253969	0.0
french	8	fr	0.0	0.0	0.0	0.880952380952381	0.0
french	8	de	0.0	0.0	0.0	0.9206349206349206	0.0
french	7	en	0.0	0.0	0.0	0.8968253968253969	0.0
french	7	fr	0.0	0.0	0.0	0.880952380952381	0.0
french	7	de	0.0	0.0	0.0	0.9206349206349206	0.0
french	6	en	0.0	0.0	0.0	0.8968253968253969	0.0
french	6	fr	0.0	0.0	0.0	0.880952380952381	0.0
french	6	de	0.0	0.0	0.0	0.9206349206349206	0.0
french	5	en	0.0	0.0	0.0	0.8968253968253969	0.0
french	5	fr	0.0	0.0	0.0	0.880952380952381	0.0
french	5	de	0.0	0.0	0.0	0.9206349206349206	0.0
french	4	en	0.0	0.0	0.0	0.8968253968253969	0.0
french	4	fr	0.0	0.0	0.0	0.880952380952381	0.0
french	4	de	0.0	0.0	0.0	0.9206349206349206	0.0
french	3	en	0.0	0.0	0.0	0.8968253968253969	0.0
french	3	fr	0.0	0.0	0.0	0.880952380952381	0.0
french	3	de	0.0	0.0	0.0	0.9206349206349206	0.0
french	2	en	0.0	0.0	0.0	0.8571428571428571	0.0
french	2	fr	0.0	0.0	0.0	0.8174603174603174	0.0
french	2	de	0.0	0.0	0.0	0.9206349206349206	0.0
french	1	en	0.0	0.0	0.0	0.7857142857142857	0.0
french	1	fr	0.0	0.0	0.0	0.6904761904761905	0.0
french	1	de	0.0	0.0	0.0	0.9126984126984127	0.0
baseline	0	en	0.0	0.0	0.0	0.8412698412698413	0.0
baseline	0	fr	0.0	0.0	0.0	0.8888888888888888	0.0
baseline	0	de	0.0	0.0	0.0	0.9206349206349206	0.0
